{
  "r3.1b-fused-A-default-16to32-20260709-1605": {
    "output_throughput": 4.122288218785499,
    "p99_ttft_ms": 21793.173297238536,
    "p99_tpot_ms": 71.51373241714131,
    "duration": 91.69664514902979
  },
  "r3.1b-fused-B-xdbvarlen-16to32-20260709-1605": {
    "output_throughput": 4.297040916670585,
    "p99_ttft_ms": 19279.477401929908,
    "p99_tpot_ms": 71.53163420253237,
    "duration": 83.31314663798548
  },
  "delta_b_vs_a_pct": 4.239215906561977
}
